<?xml version="1.0" encoding="UTF-8" standalone="yes"?>
<manifest>
  <control namespace="EmailControl" constructor="EmailControl" version="0.0.4" display-name-key="EmailControl" description-key="EmailControl description" control-type="standard" api-version="1.3.11">
    <external-service-usage enabled="false"/>
    <property name="Email" display-name-key="Email" description-key="Email Field" of-type="SingleLine.Email" usage="bound" required="true"/>
    <resources>
      <code path="bundle.js" order="1"/>
    </resources>
    <feature-usage>
      <uses-feature name="WebAPI" required="true"/>
      <uses-feature name="WebAPI.retrieveMultipleRecords" required="true"/>
    </feature-usage>
    <built-by name="pac" version="1.31.2"/>
  </control>
</manifest>